traffic_control_device,weather_condition,lighting_condition,first_crash_type,trafficway_type,alignment,roadway_surface_cond,road_defect,crash_type,intersection_related_i,prim_contributory_cause,num_units,most_severe_injury,injuries_total,injuries_fatal,injuries_incapacitating,injuries_non_incapacitating,injuries_reported_not_evident,injuries_no_indication,crash_hour,crash_day_of_week,crash_month
6,10,0,13,1,2,2,7,1,0,6,10,1,7,3,5,17,2,38,17,6,3
1,12,5,0,4,6,6,3,1,0,0,8,1,1,2,1,6,4,33,6,4,7
6,8,1,0,7,4,4,5,0,1,26,7,0,15,2,1,7,4,15,7,5,5
8,3,5,16,16,2,8,6,0,1,2,3,1,0,2,2,21,13,10,20,7,3
4,10,2,12,8,0,4,4,0,1,30,5,1,2,1,6,1,8,45,21,5,12
3,9,1,11,18,3,6,0,0,0,3,10,4,5,0,3,2,11,15,11,7,6
9,2,0,14,0,0,8,6,1,1,25,10,4,5,3,0,3,15,18,23,7,2
12,13,1,14,3,4,7,3,1,1,13,8,0,12,1,1,16,11,36,10,5,3
18,12,2,13,10,0,3,0,0,1,18,7,1,5,0,1,17,9,25,11,5,9
7,9,5,8,8,6,4,0,1,1,26,3,0,7,2,5,2,12,36,22,3,9
16,1,4,8,17,0,0,7,1,1,8,8,4,18,3,0,0,9,13,2,3,3
2,10,2,15,8,5,0,5,0,1,28,7,3,14,3,2,8,1,28,9,1,7
0,13,2,10,12,5,1,1,0,0,0,3,2,3,3,0,0,7,33,0,5,1
8,8,0,4,18,0,4,5,0,0,12,6,0,7,1,4,0,8,39,19,1,11
2,12,0,1,0,6,1,6,0,1,6,2,3,10,0,3,16,14,39,9,6,8
6,0,4,15,9,3,0,4,0,1,3,11,2,12,0,3,10,2,49,3,6,11
7,3,5,8,13,6,3,5,0,0,38,11,4,18,0,3,0,2,31,2,6,11
8,6,0,0,17,3,5,2,0,0,8,7,1,5,1,5,9,8,40,10,5,8
15,7,2,9,9,0,3,6,0,1,5,3,3,4,3,7,4,10,34,12,1,8
17,7,4,7,18,3,2,6,1,1,24,2,0,0,3,3,9,7,7,17,3,11
3,8,4,9,15,0,0,0,0,1,28,11,0,0,3,6,11,9,38,11,6,7
8,12,5,15,1,2,2,4,1,0,9,4,2,16,3,7,2,3,20,15,1,6
2,4,4,0,3,3,1,3,0,0,13,10,0,2,3,7,9,11,38,15,2,7
16,9,4,9,4,0,7,5,0,1,19,3,0,18,2,3,13,5,45,23,2,3
9,13,4,5,18,4,1,1,1,1,8,6,1,4,0,4,15,7,37,15,7,3
8,7,1,12,7,4,6,4,1,0,34,10,1,10,1,4,17,15,4,10,1,5
15,6,5,4,1,4,1,5,1,1,22,1,0,11,1,4,8,1,30,8,3,6
5,3,0,13,17,2,6,0,1,0,32,7,4,13,1,0,2,0,26,7,2,10
13,0,1,10,12,1,8,4,0,0,37,5,0,17,2,7,18,8,40,4,5,8
11,8,0,10,4,1,2,4,0,0,20,5,2,7,1,6,6,13,27,19,6,6
16,6,3,10,6,5,5,5,0,0,37,3,3,8,1,0,14,5,28,8,2,10
3,12,5,5,17,5,4,5,0,0,38,9,2,0,2,3,4,5,16,11,3,12
8,10,2,3,12,5,8,2,0,1,17,2,1,0,1,0,9,15,14,5,1,7
5,13,4,3,3,4,4,5,1,1,4,5,2,9,3,1,3,14,3,19,4,2
10,0,5,12,17,4,1,0,1,0,33,8,1,17,0,3,21,11,2,7,6,6
8,9,4,14,6,6,7,6,0,0,29,8,2,9,1,7,1,3,25,6,4,8
4,7,1,12,10,6,7,5,1,1,17,10,1,13,1,0,0,2,17,3,6,8
3,2,5,13,16,0,4,6,0,1,24,6,0,5,0,1,18,1,2,2,2,5
17,1,1,15,17,0,7,7,0,1,31,9,4,18,2,5,4,4,14,5,2,4
15,13,3,17,5,4,6,0,0,1,34,10,3,19,0,6,21,1,28,20,7,8
9,12,3,11,4,0,3,0,0,0,7,9,0,14,1,6,8,15,24,14,5,9
7,6,0,15,15,1,3,3,0,1,39,6,2,6,3,0,8,12,39,18,7,4
1,11,1,3,1,1,2,3,0,0,31,9,2,18,0,4,8,0,29,8,2,4
16,0,5,0,9,2,8,4,0,0,15,8,1,9,3,2,8,12,38,22,2,10
17,1,3,10,15,0,1,4,0,1,2,3,1,0,2,6,9,6,38,11,2,11
11,2,3,17,13,6,6,4,1,0,14,2,4,12,0,2,19,14,5,1,4,8
12,11,1,16,14,6,7,2,0,0,0,6,3,18,2,7,14,14,18,22,5,12
11,10,4,14,13,2,2,4,0,1,34,8,2,18,0,5,10,15,22,4,3,6
15,0,1,12,8,6,5,6,1,1,15,10,2,5,0,1,7,8,27,9,4,9
3,13,2,4,12,0,5,2,0,0,28,9,1,6,2,7,10,13,19,3,4,3
3,5,5,3,16,3,7,3,0,0,21,11,0,15,3,6,20,14,42,0,2,7
15,9,0,16,2,4,0,4,0,0,18,11,4,13,3,0,13,12,19,16,7,5
5,4,2,14,14,0,6,2,0,1,23,8,1,10,1,7,20,14,35,22,2,9
13,0,3,3,5,0,4,5,0,0,39,3,1,10,2,6,5,1,12,12,6,1
2,12,1,12,1,4,4,6,0,1,29,3,1,7,0,0,11,12,8,6,6,1
18,0,1,0,8,6,5,0,0,0,4,1,2,12,2,3,6,1,2,23,7,4
6,5,1,9,6,0,7,0,1,1,1,11,1,12,1,0,21,12,16,10,5,10
10,1,4,3,9,1,7,1,0,1,2,2,0,14,2,4,12,3,43,5,6,2
6,7,3,13,1,2,6,3,1,0,23,11,4,8,1,5,13,3,1,22,5,12
17,0,3,16,7,5,6,7,1,0,38,3,3,16,1,0,9,5,0,2,1,10
18,8,5,4,14,0,1,2,0,1,34,7,0,12,2,3,3,3,16,0,2,1
11,6,4,3,4,0,1,6,0,0,26,6,2,5,2,0,0,3,49,7,3,2
7,13,1,11,6,1,5,2,1,0,19,1,3,18,0,3,17,14,16,17,6,6
2,12,5,11,6,4,8,3,1,1,22,10,4,4,0,2,18,3,32,1,6,1
4,5,1,10,4,6,1,4,1,1,22,1,1,3,2,6,20,12,2,15,7,5
11,6,0,6,1,1,2,0,0,1,14,10,1,15,3,6,20,11,15,3,6,2
1,10,3,7,1,4,6,4,1,0,34,11,1,8,1,5,17,0,35,21,5,3
4,7,1,13,8,1,2,1,0,1,32,11,0,0,1,6,19,13,31,4,2,3
10,2,2,5,7,4,0,4,1,1,39,7,1,16,1,5,5,10,43,6,4,9
17,10,4,13,2,6,5,0,1,0,35,11,4,16,2,4,0,0,26,10,5,4
9,3,0,15,5,3,2,6,0,1,12,11,3,1,2,3,9,3,24,14,7,11
6,12,3,10,11,0,6,7,0,1,7,8,3,6,2,6,18,15,13,9,7,4
4,11,2,7,4,4,7,6,0,1,12,6,0,14,3,4,12,0,10,13,5,6
17,0,0,4,6,0,3,3,0,1,25,3,4,18,3,4,4,4,35,18,6,3
10,12,4,6,15,2,7,4,0,1,36,10,2,14,0,7,17,13,29,19,7,1
7,1,3,12,11,2,2,5,1,0,25,1,3,13,3,1,14,8,10,6,4,4
16,0,3,2,6,5,2,4,1,1,10,11,2,11,3,5,8,4,19,21,4,10
9,5,5,3,0,1,0,6,1,1,7,4,4,16,2,5,1,2,26,2,5,6
1,1,1,2,1,4,2,2,0,1,1,11,3,3,1,7,14,12,8,18,1,5
3,5,5,6,0,6,3,1,1,0,12,7,0,10,0,2,9,12,24,9,6,10
8,4,1,11,7,4,7,7,0,1,37,5,4,6,2,7,10,5,24,16,2,3
0,10,3,4,18,3,0,0,0,0,24,3,3,12,1,5,10,4,31,15,5,5
2,5,4,1,5,3,1,4,0,0,25,8,3,16,2,7,16,3,41,12,4,11
16,1,0,14,16,4,6,6,1,0,13,1,2,17,1,7,16,4,30,21,2,7
7,9,2,16,17,2,5,6,0,1,3,9,1,11,3,2,0,8,36,4,5,1
6,9,3,13,13,3,7,0,1,0,17,3,4,2,2,1,14,3,47,21,1,9
7,13,0,6,14,5,4,3,0,0,20,8,4,17,2,6,7,4,8,13,4,6
11,5,1,0,3,2,7,0,0,0,14,2,1,4,1,1,14,14,31,18,3,5
9,7,0,3,17,5,6,0,1,0,2,9,2,5,3,1,10,12,35,8,4,7
3,5,5,17,16,5,8,6,0,0,16,11,1,14,2,2,17,6,25,1,3,10
11,4,4,8,4,0,7,7,1,0,30,9,0,1,0,0,16,6,46,15,4,10
3,8,2,2,8,3,3,5,1,0,9,7,1,19,3,7,14,12,0,22,7,12
16,6,5,1,14,2,0,3,1,1,29,7,3,4,1,5,0,14,35,1,4,5
8,0,2,3,2,1,1,6,1,0,6,2,2,13,3,5,13,4,28,15,6,9
11,10,0,15,8,0,8,0,0,1,10,11,1,18,2,6,11,12,41,4,6,3
11,1,2,17,9,4,1,0,0,1,22,1,1,0,2,1,19,7,1,11,1,4
12,13,3,3,17,0,0,1,1,1,3,4,4,6,3,7,2,2,35,10,4,8
18,0,2,12,9,4,4,6,1,0,35,6,1,6,2,7,3,13,23,12,6,11
11,10,5,6,18,3,4,0,0,0,11,11,4,16,2,7,10,3,0,9,1,10
15,0,0,12,5,6,5,0,0,1,24,7,1,3,3,3,1,5,36,17,2,10
8,3,5,16,2,4,0,1,1,1,18,8,2,6,2,7,18,3,15,3,5,7
3,0,2,15,7,5,6,7,1,0,12,4,1,11,1,7,4,3,22,5,5,11
8,11,4,4,13,1,7,6,1,1,7,2,3,3,0,7,20,3,39,1,6,5
15,3,4,12,7,3,1,5,1,0,39,1,2,6,1,7,15,2,23,3,5,2
1,7,1,14,18,3,6,7,0,0,39,7,0,8,0,6,21,0,27,12,7,7
0,8,3,4,7,3,4,6,0,0,21,10,4,11,2,7,14,2,9,6,6,12
17,7,4,10,13,5,2,7,1,0,11,9,1,19,3,3,0,6,49,2,2,8
9,4,3,8,11,3,6,7,0,1,32,5,2,9,3,0,3,10,45,6,4,5
11,13,3,3,18,1,0,3,1,0,36,11,3,19,3,7,11,1,27,14,3,8
0,7,0,16,9,3,1,1,0,0,7,6,1,8,3,2,3,7,23,14,5,5
18,7,1,0,14,3,2,7,1,0,36,4,1,13,0,5,10,7,43,20,5,10
1,13,2,3,10,0,2,4,0,0,19,5,0,9,1,5,9,15,21,14,7,11
16,5,2,1,5,3,6,4,0,1,39,8,0,5,1,3,20,9,23,11,6,7
5,0,5,4,7,5,0,3,1,0,21,11,4,13,0,0,21,14,29,0,7,8
17,8,1,12,12,3,7,7,1,0,36,9,4,5,2,4,10,8,15,4,5,3
15,1,0,4,16,4,0,3,0,1,34,7,1,14,1,7,1,15,46,11,2,1
14,0,4,11,11,1,7,2,0,0,2,6,4,3,1,5,16,15,2,10,4,12
13,9,5,0,18,6,7,5,1,0,32,3,4,14,0,0,18,5,40,1,3,11
9,13,4,2,13,5,8,1,0,0,2,1,2,17,1,2,19,15,43,4,6,3
17,9,0,4,0,0,3,1,1,1,27,5,3,8,3,0,5,4,25,1,5,3
9,2,4,14,4,0,7,0,1,1,32,1,1,1,2,6,9,6,9,20,4,2
7,3,4,6,3,6,2,3,1,1,31,7,2,4,1,2,21,10,1,2,7,2
4,2,1,2,12,4,0,4,1,1,10,11,3,7,3,2,8,13,6,8,7,3
1,6,2,0,18,2,1,3,1,1,22,2,0,2,0,2,3,4,13,14,4,10
10,8,5,0,7,6,6,7,0,0,6,9,0,7,0,0,14,14,20,20,1,8
9,11,5,15,13,3,1,1,1,0,29,10,4,2,0,4,15,10,0,11,6,11
9,11,3,17,16,3,5,1,1,0,11,5,3,11,2,1,20,7,30,9,3,11
2,2,0,6,2,6,3,2,1,0,35,7,4,0,3,5,21,11,16,14,2,4
15,13,3,14,18,2,7,2,1,1,13,8,1,16,1,3,4,12,35,6,5,4
8,6,0,1,4,5,5,4,0,1,0,10,4,17,3,0,14,7,11,15,6,3
6,13,1,12,9,6,4,5,1,1,25,2,4,17,2,0,1,3,18,13,4,1
1,10,3,10,9,6,6,6,1,1,38,5,2,15,0,6,21,9,6,4,3,9
3,3,1,14,17,0,2,6,1,1,32,10,0,10,0,6,2,11,36,16,6,2
9,3,2,2,0,3,2,1,0,0,21,2,1,9,1,5,13,13,11,18,3,1
3,12,0,9,17,4,2,2,0,1,25,10,0,6,0,0,5,13,17,19,2,3
2,5,1,8,17,4,0,0,1,1,19,2,4,13,3,6,5,5,7,0,5,10
0,2,2,13,10,2,5,0,0,1,12,10,3,15,1,7,0,5,48,20,5,5
5,3,3,12,4,2,6,6,1,0,31,4,3,14,2,6,3,11,26,21,5,6
3,2,0,0,7,6,8,0,0,0,28,2,2,0,2,7,21,4,18,5,4,5
3,11,2,0,6,4,7,5,1,0,29,8,3,7,2,2,4,7,10,22,5,9
8,7,0,6,8,6,3,2,0,1,10,11,1,16,0,3,15,3,19,9,7,2
9,13,4,6,5,0,3,0,0,0,27,5,4,14,1,3,15,7,23,14,2,2
10,0,3,3,7,2,7,5,1,1,1,4,2,12,1,0,15,3,12,14,6,10
13,2,4,3,12,4,1,1,0,1,18,1,3,12,1,3,6,2,26,9,5,7
2,9,0,0,1,5,6,7,0,1,5,1,2,8,2,4,14,14,7,16,6,2
15,6,4,9,10,4,1,2,1,1,2,11,3,19,0,7,15,2,23,13,2,9
3,10,2,14,16,1,1,1,0,1,7,4,2,3,2,0,16,11,47,10,7,6
0,5,1,17,2,5,3,1,0,0,10,4,1,9,1,4,7,13,32,10,3,8
15,2,2,14,10,1,5,4,1,0,26,1,0,9,2,2,0,5,15,23,4,1
6,13,4,1,7,2,4,6,1,1,15,8,3,0,1,2,1,8,23,16,4,7
16,10,0,10,5,6,4,0,0,0,15,4,1,6,3,4,7,13,6,17,5,6
1,12,1,13,2,6,6,0,1,0,19,10,4,0,3,4,2,10,14,19,5,2
13,7,1,14,11,6,1,6,1,0,11,9,1,5,2,5,15,8,11,5,1,8
6,0,5,16,6,0,8,1,0,1,4,4,0,6,3,2,8,8,8,3,2,9
3,1,2,15,12,6,1,4,1,1,10,3,2,9,2,7,11,5,39,3,2,2
0,11,2,0,9,0,7,7,1,1,4,7,4,9,1,3,20,2,34,15,7,11
4,9,5,9,10,0,2,7,0,1,19,7,3,8,0,5,0,0,26,12,3,10
6,10,0,8,5,2,8,7,1,0,10,7,0,11,1,5,18,10,44,15,5,1
9,11,2,3,7,6,2,1,0,1,23,11,0,13,1,2,14,7,29,21,6,5
18,1,1,0,16,2,3,6,1,1,33,1,2,9,3,5,2,10,26,0,1,4
18,13,4,1,1,5,8,4,1,1,28,7,1,17,1,0,21,6,11,9,4,1
8,5,2,10,15,6,1,2,1,1,27,6,1,11,2,2,6,11,12,20,6,12
17,10,4,1,4,5,7,2,1,1,36,1,0,3,1,5,6,9,11,6,1,6
14,9,3,5,16,3,8,3,0,0,37,9,0,9,2,0,8,6,43,3,5,2
7,4,4,4,8,2,8,1,0,1,29,9,0,18,3,3,11,0,12,6,3,8
18,13,5,0,15,2,3,5,1,1,26,6,2,2,1,4,9,14,29,22,5,2
16,11,1,3,17,2,7,7,1,0,13,9,2,15,1,1,7,13,46,22,5,2
8,0,5,13,9,5,6,0,0,0,3,2,4,14,0,4,12,11,17,4,5,7
8,12,0,7,16,0,3,7,0,1,4,6,0,14,0,0,8,12,8,19,4,7
7,3,5,2,7,5,3,0,0,0,24,4,0,17,1,1,4,0,16,20,5,1
14,1,0,16,13,3,1,1,0,1,21,6,0,16,1,7,15,15,18,15,4,7
9,7,0,12,16,0,6,3,1,1,4,8,4,0,1,4,7,1,3,16,4,1
4,0,0,4,11,6,7,5,1,0,29,10,1,18,3,3,16,15,17,22,6,3
8,4,1,14,4,2,8,1,1,1,9,1,0,6,0,5,21,6,38,10,4,5
12,7,4,17,3,1,1,0,0,1,12,7,2,11,2,1,18,10,4,4,1,2
0,11,2,14,6,4,8,1,0,1,39,2,4,3,2,4,18,9,1,6,3,8
1,12,1,9,14,1,1,4,1,1,8,1,3,2,3,3,15,4,48,6,1,2
16,1,2,6,12,6,7,4,1,0,36,1,0,10,0,5,1,14,31,21,3,11
7,8,5,10,13,6,0,2,1,1,22,3,1,8,0,3,19,14,2,23,1,11
4,10,0,14,2,2,1,1,0,0,6,9,1,12,2,7,17,4,13,0,4,11
0,6,4,12,8,5,8,1,0,1,9,6,2,6,3,5,14,10,46,0,1,3
5,9,2,4,1,3,6,1,0,0,25,11,0,4,3,3,2,9,11,4,4,8
18,4,1,7,15,0,3,7,1,0,32,4,4,19,0,7,16,0,26,5,4,12
9,5,4,5,13,6,3,0,1,1,0,7,2,9,1,1,14,2,40,3,4,3
13,11,2,1,13,0,7,1,0,0,30,8,1,11,3,3,20,2,0,8,7,1
18,11,1,13,13,1,4,6,0,0,2,10,2,0,3,6,1,7,46,5,5,7
7,10,0,17,18,6,0,6,1,0,35,10,4,1,3,5,10,10,47,22,6,11
11,13,0,9,17,2,8,2,1,1,17,4,1,19,1,3,7,14,48,4,5,8
18,13,3,5,17,3,3,3,0,0,7,6,4,0,2,4,13,1,8,1,6,6
13,11,5,10,0,4,3,3,1,1,35,2,3,13,0,0,20,1,20,7,6,10
2,13,2,4,4,1,1,3,0,0,12,4,3,2,3,0,19,6,41,10,7,1
14,11,5,15,3,5,0,7,0,1,1,10,0,11,1,2,4,3,23,18,1,4
13,12,2,10,12,3,3,6,0,1,5,7,3,0,3,1,18,8,42,16,7,7
9,8,2,5,4,3,5,6,1,1,35,11,3,11,2,6,17,3,38,21,3,10
14,12,1,0,4,5,8,5,0,0,20,8,2,9,0,5,10,8,18,3,7,12
13,0,3,2,17,2,0,5,0,1,7,7,2,13,1,2,2,14,33,15,5,9
16,2,0,15,18,5,4,2,1,0,19,9,4,6,1,2,20,2,10,0,2,10
7,2,4,11,14,2,3,7,1,1,1,3,2,2,0,0,10,12,14,4,4,8
8,9,1,14,2,0,7,2,1,1,30,9,1,13,0,7,7,13,13,17,3,11
18,1,2,4,13,4,8,1,1,1,36,7,4,9,3,4,11,15,23,6,7,12
8,12,1,3,15,3,7,3,0,1,8,8,1,10,3,4,0,0,24,22,6,7
6,4,3,1,2,4,1,2,0,1,38,5,2,12,2,7,0,2,29,0,7,12
2,12,2,1,18,3,2,4,1,0,30,8,2,2,2,5,18,7,30,12,7,11
0,9,2,6,13,6,6,1,0,0,35,7,3,19,2,0,20,7,41,10,3,11
11,13,4,0,14,6,8,3,1,0,20,9,0,7,2,0,7,13,14,6,6,12
18,10,1,17,12,5,7,2,0,1,39,11,2,15,1,4,0,6,44,15,1,5
5,9,1,0,12,1,1,0,1,0,17,3,1,19,1,0,18,9,4,17,5,9
18,12,5,9,11,5,8,3,1,1,3,3,3,18,1,5,17,9,49,16,5,8
13,5,1,1,13,2,4,4,0,0,27,3,1,15,1,1,17,1,2,3,6,6
11,0,2,7,14,6,8,5,1,0,12,10,1,2,0,0,4,11,42,9,5,7
5,7,2,1,14,5,7,7,0,0,11,5,4,9,0,3,0,7,42,11,4,6
16,0,4,0,4,4,0,5,0,1,15,7,4,7,3,4,12,1,0,21,6,2
14,5,3,0,14,4,4,4,1,0,0,2,4,18,0,4,13,10,3,15,3,12
12,10,0,6,14,5,6,4,1,1,37,7,1,0,3,5,17,5,37,3,4,11
2,1,1,9,7,2,7,5,0,1,21,1,2,2,0,1,19,5,20,19,3,7
0,0,3,1,18,5,7,0,0,0,10,5,4,3,1,5,11,13,6,23,3,4
15,9,5,4,7,1,3,5,0,0,10,4,1,12,0,4,17,8,43,20,2,9
16,9,2,17,16,1,1,3,1,1,5,1,4,4,0,5,7,6,32,3,1,10
4,3,2,11,0,5,6,0,1,0,39,4,0,4,0,0,18,6,44,14,1,9
6,4,0,2,7,3,4,1,0,0,2,11,3,18,3,0,20,14,13,16,5,6
1,0,2,9,16,5,7,1,0,0,7,3,2,10,3,1,13,8,20,2,3,4
16,10,1,17,8,5,1,1,1,1,9,11,2,16,0,0,21,12,46,4,5,10
5,13,5,13,13,4,0,0,1,0,31,4,0,8,3,3,21,6,23,19,3,3
4,3,4,11,9,3,1,7,0,0,25,1,0,16,1,3,19,8,13,1,7,9
6,7,2,7,6,4,1,7,0,0,1,4,0,1,3,7,5,11,24,1,5,11
11,1,5,13,14,3,3,3,0,0,6,5,2,1,0,5,14,4,36,6,1,11
11,8,5,11,2,0,6,3,1,0,32,4,0,3,2,1,12,12,21,9,1,11
18,3,2,12,5,3,6,4,1,0,25,8,4,5,1,1,3,2,46,19,7,7
15,8,2,7,0,1,4,7,1,1,1,8,2,5,1,4,6,0,23,6,7,1
5,4,5,12,5,4,1,1,1,0,13,6,0,11,0,1,21,7,29,16,7,9
17,10,2,12,4,5,2,4,1,1,15,11,2,18,0,2,6,6,27,17,2,10
13,0,0,11,10,0,5,0,1,0,9,6,1,14,1,4,10,9,5,6,4,9
3,10,4,10,2,5,4,7,1,1,39,1,2,12,1,0,7,2,21,20,1,1
0,12,3,4,14,1,2,1,0,1,1,9,4,1,0,3,0,15,49,3,5,4
2,13,1,0,7,2,5,4,0,1,23,7,3,13,2,5,5,3,39,2,7,6
4,1,1,16,4,2,4,4,0,0,32,3,4,9,2,2,17,13,47,22,1,9
2,4,1,15,7,0,5,7,0,1,9,8,0,2,3,1,16,6,26,0,7,4
7,2,3,7,9,4,0,1,0,1,25,10,3,1,3,3,11,2,33,17,4,6
8,10,1,14,15,4,8,5,0,0,4,1,4,4,3,5,3,13,32,12,6,2
14,12,3,5,11,2,6,0,1,0,22,5,3,4,0,7,0,15,45,11,6,10
13,5,1,1,1,2,5,1,1,0,39,10,1,18,1,0,16,0,42,14,4,2
17,12,1,8,9,0,8,3,1,1,5,8,4,16,2,7,5,4,45,13,3,6
10,6,5,17,17,2,7,0,0,1,0,3,4,16,3,4,10,15,27,7,7,11
3,5,3,3,0,1,4,3,1,0,25,3,2,8,2,1,20,2,15,6,6,8
2,1,4,8,16,0,2,0,0,0,35,1,0,19,0,6,20,4,25,13,4,2
10,3,0,7,18,4,3,0,1,0,21,1,3,1,2,4,18,1,43,12,1,1
8,3,4,7,8,3,6,1,0,1,31,2,2,3,1,2,8,12,27,23,5,4
0,11,3,8,12,1,2,3,0,0,35,5,4,11,2,1,1,2,17,2,1,6
6,8,1,13,7,5,2,7,0,0,39,2,0,0,0,2,15,15,35,15,7,10
13,0,3,13,14,1,1,2,1,1,22,1,3,14,1,6,0,7,21,8,6,7
13,7,3,14,12,6,6,1,0,1,13,6,1,6,2,0,1,6,1,20,5,1