traffic_control_device,weather_condition,lighting_condition,first_crash_type,trafficway_type,alignment,roadway_surface_cond,road_defect,crash_type,intersection_related_i,prim_contributory_cause,num_units,most_severe_injury,injuries_total,injuries_fatal,injuries_incapacitating,injuries_non_incapacitating,injuries_reported_not_evident,injuries_no_indication,crash_hour,crash_day_of_week,crash_month
18,13,4,10,9,3,7,3,1,0,10,4,1,14,3,0,20,9,23,23,2,4
2,9,3,8,3,3,5,7,0,1,11,11,3,16,0,4,3,7,44,17,4,6
3,6,4,2,10,5,3,6,0,0,11,10,4,16,0,5,2,9,34,20,3,1
8,5,5,2,13,2,7,7,0,0,39,7,3,7,2,7,0,5,3,12,4,11
2,0,2,12,5,2,7,7,0,1,30,8,1,10,1,3,13,4,37,0,5,5
14,5,4,14,8,4,7,1,0,0,25,8,3,9,1,7,19,2,10,18,3,12
16,2,3,13,1,0,1,4,1,0,6,1,1,3,2,6,3,3,48,21,3,12
8,10,5,7,15,2,0,1,0,1,32,10,4,5,2,6,17,4,16,20,5,8
5,7,0,13,17,5,2,5,0,0,33,1,4,13,3,4,3,8,44,22,1,12
11,6,1,11,2,4,3,4,1,0,31,2,4,10,0,0,19,3,39,9,3,3
4,2,4,2,10,1,1,5,1,1,8,6,3,7,2,1,15,14,49,17,3,11
5,9,4,4,9,3,1,4,1,1,18,2,3,17,2,3,16,11,8,22,3,8
8,6,4,4,16,0,2,7,0,0,8,9,1,16,1,0,13,13,42,2,7,1
7,12,1,4,8,2,8,3,0,0,29,1,4,11,2,4,16,15,25,23,4,3
11,3,1,10,0,4,5,1,1,1,35,6,4,15,1,6,2,6,30,21,3,4
5,6,4,5,16,0,4,1,1,0,28,5,1,5,2,5,12,12,47,15,1,8
14,12,2,16,1,2,1,1,0,1,29,6,4,14,0,1,16,8,1,13,6,12
3,1,5,15,12,2,0,7,1,0,24,8,1,2,1,4,11,6,30,8,4,1
18,5,5,8,1,2,7,1,1,0,5,1,2,14,0,0,2,10,0,12,4,3
9,12,5,10,8,4,4,2,1,0,25,11,1,19,1,3,8,8,43,10,5,2
1,9,0,12,1,6,2,2,1,0,20,7,0,5,1,1,12,5,38,12,5,10
12,13,4,5,10,4,8,2,1,1,19,6,4,6,2,6,6,12,6,20,7,12
15,1,5,13,15,0,0,3,0,0,12,9,4,14,2,6,11,13,35,4,6,11
12,7,1,0,6,2,8,4,1,1,6,8,1,0,2,4,7,0,20,18,5,12
1,9,0,2,4,0,0,4,0,0,8,11,3,12,1,6,18,4,33,22,6,6
17,12,0,12,3,6,6,6,0,0,28,9,1,15,3,1,17,2,27,13,5,12
13,12,2,14,0,6,3,0,1,1,32,9,1,17,0,5,4,1,43,18,3,7
14,4,0,16,3,3,1,7,1,0,39,11,2,5,1,2,9,13,38,12,2,1
8,0,4,3,11,1,2,4,0,0,5,10,3,9,0,6,6,10,9,3,7,7
14,5,3,9,15,4,6,2,1,0,18,10,0,7,1,6,2,12,9,5,5,8
9,1,3,8,4,6,8,2,1,0,37,8,4,4,1,1,20,6,34,20,3,4
15,0,2,2,18,3,0,0,0,0,9,3,4,7,2,3,5,4,38,21,2,6
0,11,1,1,0,6,0,3,0,0,18,10,2,6,2,6,18,11,1,3,2,6
13,5,4,3,4,4,6,6,0,0,5,7,3,9,0,7,9,8,35,12,4,11
17,10,0,16,15,4,6,0,0,0,17,4,4,8,1,4,3,12,43,3,3,4
6,5,3,1,12,6,4,4,0,1,34,11,4,2,3,1,12,3,47,5,1,5
2,4,3,11,12,2,8,0,1,0,14,10,2,2,2,1,2,11,33,6,7,8
11,1,0,4,11,1,4,5,1,0,38,10,4,13,0,3,15,1,45,17,5,12
2,3,1,0,1,6,7,1,1,1,8,3,3,18,1,0,13,7,16,3,2,7
17,10,0,2,11,2,1,4,0,0,26,6,4,4,2,7,11,0,18,12,6,6
12,10,5,0,2,2,8,2,1,1,26,4,4,0,2,2,20,11,47,4,4,5
6,13,5,3,6,0,5,4,1,1,4,4,2,13,2,3,13,2,31,8,4,7
17,10,2,10,9,5,6,1,0,1,20,4,3,19,2,0,10,10,29,18,5,3
14,2,2,11,17,2,3,3,0,0,18,5,0,10,2,0,9,15,6,10,7,5
4,6,2,6,5,2,0,7,0,0,5,3,2,18,0,1,14,13,45,19,4,5
0,10,5,12,10,4,8,5,0,1,9,10,4,6,1,0,11,0,3,20,1,6
10,9,5,15,18,0,7,1,0,0,22,8,3,16,0,2,4,7,2,11,2,6
14,10,5,17,0,2,3,4,0,0,16,1,0,2,3,0,10,13,9,20,3,4
14,10,0,1,14,3,8,4,1,0,1,3,0,17,0,5,17,13,14,11,4,2
11,11,1,10,18,5,6,7,1,0,39,6,4,7,1,1,6,1,10,19,7,3
9,10,3,3,7,4,4,7,0,1,22,7,1,16,2,6,18,13,28,1,3,10
6,7,1,1,6,5,2,1,0,0,20,2,4,3,1,3,7,12,18,19,6,11
7,10,3,16,18,3,2,1,1,0,29,7,1,14,2,1,20,13,7,9,4,10
11,5,1,17,0,2,7,4,1,0,10,3,4,11,0,0,17,13,35,15,5,6
16,11,3,10,13,0,6,2,0,1,19,9,0,17,2,2,1,11,16,1,6,9
6,12,1,6,17,6,4,0,1,0,19,5,2,6,3,5,21,6,0,16,4,5
16,2,2,9,17,1,0,6,1,1,28,6,4,6,1,3,6,2,35,18,2,5
3,7,5,8,17,0,4,7,0,1,32,7,3,17,3,4,4,3,19,1,3,11
2,4,4,14,18,4,5,3,1,0,16,4,2,10,1,2,6,12,14,6,1,6
1,10,5,11,9,6,2,6,1,1,22,11,3,12,2,6,13,10,1,17,3,10
1,8,2,4,18,0,0,2,1,0,38,9,1,2,1,6,1,10,19,3,6,12
18,12,4,5,15,5,6,4,1,1,9,9,1,19,1,0,6,12,23,21,3,9
12,4,2,12,2,5,5,7,0,0,32,5,0,11,2,3,19,0,43,13,7,6
5,5,4,12,16,1,3,2,1,1,28,8,1,10,1,5,9,10,30,5,3,6
3,10,5,15,2,6,5,2,1,1,8,7,3,19,3,3,0,8,36,19,6,1
1,0,5,14,0,5,7,2,0,0,33,1,0,14,1,2,4,15,35,17,2,9
9,1,3,2,1,1,3,1,1,0,32,1,0,6,2,2,17,15,13,21,1,1
5,4,1,16,1,1,7,1,0,0,37,10,2,6,0,3,16,9,10,6,6,9
16,6,0,3,4,4,3,5,0,0,13,3,1,5,3,3,15,6,35,13,5,3
15,3,5,2,3,5,0,6,1,0,24,10,0,15,1,2,18,2,42,22,7,1
16,12,3,1,2,5,3,2,0,1,19,3,4,8,1,3,13,3,41,19,6,10
11,3,2,17,16,5,6,0,1,1,37,4,1,16,1,2,10,3,0,20,1,4
8,6,3,7,15,4,2,7,1,0,28,9,1,17,3,2,2,4,29,22,5,4
7,4,2,16,9,1,3,5,0,1,39,9,3,19,1,7,8,4,45,18,3,12
17,2,1,14,14,6,3,7,0,1,16,9,2,5,2,1,4,15,26,19,4,4
16,5,4,0,6,3,0,2,0,1,17,5,1,14,3,1,5,11,18,9,3,1
0,6,0,11,1,6,6,2,1,0,27,5,1,5,2,1,19,6,19,21,7,6
9,13,5,8,16,4,6,6,1,0,25,10,1,11,1,5,21,14,13,5,1,12
6,5,1,8,11,2,6,4,0,1,34,11,3,18,1,2,8,15,30,10,5,7
16,11,1,7,0,2,1,1,0,0,31,5,3,18,2,0,12,9,9,22,4,6
11,7,1,16,15,0,5,1,1,1,25,1,4,9,2,7,18,12,2,4,5,1
5,4,5,14,17,2,8,4,0,1,5,1,4,1,0,5,17,11,33,17,6,2
8,1,4,12,2,6,2,6,1,0,14,4,0,5,1,5,6,1,13,6,4,10
6,2,3,12,9,6,8,5,1,1,37,5,2,0,3,3,2,14,8,4,6,5
14,1,5,9,10,3,7,1,1,0,34,3,3,15,2,4,5,9,1,1,7,7
14,12,2,7,16,4,8,4,1,0,27,2,0,16,1,1,2,11,35,22,2,9
12,12,4,1,10,5,3,3,1,1,18,8,3,18,2,5,20,12,32,4,7,9
12,5,5,4,0,6,2,1,1,0,17,9,4,1,0,2,4,12,44,13,1,7
16,1,5,15,1,4,5,0,0,0,22,2,2,14,3,4,17,6,3,5,3,6
8,9,1,3,4,5,0,2,1,1,13,8,1,3,2,3,16,12,42,1,7,3
3,13,0,4,13,3,3,5,0,0,3,2,1,8,3,6,18,2,49,22,1,1
5,12,0,0,2,3,6,4,0,1,6,2,2,8,2,3,4,3,25,21,6,7
5,6,5,4,3,4,5,5,1,1,20,2,0,2,1,7,1,4,42,10,3,8
17,6,2,17,16,3,1,1,1,0,1,7,2,1,3,5,20,10,14,18,5,6
15,2,0,6,16,5,0,7,0,1,36,5,2,3,0,4,20,14,30,15,1,7
1,1,0,13,4,4,2,6,0,0,32,4,0,13,2,0,15,5,11,8,6,7
12,0,4,10,9,4,0,4,1,0,16,10,3,2,3,3,10,13,6,3,5,11
7,4,4,1,2,4,4,4,0,0,37,1,1,16,1,6,17,5,10,5,5,9
18,9,0,9,3,3,8,2,1,1,9,6,0,10,0,4,1,2,43,12,4,12
0,8,2,12,8,1,7,3,0,0,27,5,1,9,2,7,9,4,12,17,5,2
3,6,2,15,10,0,3,0,0,1,31,2,0,15,1,6,21,10,31,1,2,4
14,13,3,0,3,4,6,5,0,0,28,7,0,11,2,3,5,9,31,17,5,6
1,4,1,1,0,5,2,2,0,1,19,2,4,5,0,5,12,15,6,10,4,4
12,8,2,3,0,5,1,0,1,0,18,1,1,18,3,6,17,0,13,13,5,4
17,1,5,5,17,4,8,6,1,0,20,9,1,5,0,2,19,2,8,4,6,9
10,1,3,4,12,5,3,4,0,0,17,6,0,2,1,4,18,8,23,18,1,1
7,7,5,8,6,2,3,2,1,1,21,4,0,7,0,6,9,13,21,19,4,12
0,10,1,0,18,3,3,3,1,1,5,5,4,18,0,2,5,13,31,19,3,7
11,11,0,13,17,5,6,5,0,0,21,11,3,8,1,7,11,11,6,13,3,6
17,13,0,2,15,2,4,3,1,1,4,4,2,13,1,6,15,7,25,0,6,12
12,10,3,15,17,1,1,2,0,0,14,8,3,16,2,7,3,1,28,7,5,10
2,5,3,15,4,4,7,4,0,0,15,10,2,12,2,5,0,12,17,14,7,12
14,0,1,8,4,0,4,7,0,1,8,8,4,6,1,2,21,0,14,10,6,9
16,13,1,8,0,2,3,1,1,0,0,3,3,4,0,5,19,0,32,14,5,10
0,13,2,1,0,5,6,7,0,1,10,1,3,16,1,3,10,1,49,5,2,2
10,7,2,7,18,4,0,7,1,0,18,11,2,7,0,7,1,10,23,18,6,8
15,5,1,4,11,5,8,1,0,0,22,1,3,13,0,4,1,8,30,8,4,4
0,8,5,14,13,3,0,5,0,0,19,3,2,5,1,3,6,11,48,1,2,11
11,3,3,14,5,3,4,4,0,0,14,2,2,15,3,4,15,14,38,0,1,6
10,0,5,0,6,2,0,5,0,1,5,10,2,10,0,5,15,5,4,20,6,7
9,8,4,8,12,5,3,2,0,0,22,7,4,2,1,1,21,5,33,16,2,6
9,7,0,11,6,4,6,7,0,0,36,7,0,6,3,2,18,4,18,23,1,10
4,5,4,15,12,6,8,6,1,0,26,7,1,0,2,3,11,10,25,6,3,3
15,1,3,12,4,4,3,1,0,1,2,4,4,5,3,6,3,5,30,13,1,6
16,13,0,9,8,6,4,3,1,0,10,1,1,5,1,7,18,9,47,16,5,5
9,1,1,14,8,5,0,4,1,1,10,6,4,17,3,0,4,12,9,17,5,10
2,13,0,13,15,4,2,2,1,0,31,8,0,4,2,7,9,2,47,4,5,1
0,5,5,5,10,6,0,5,0,1,32,11,0,3,3,0,17,12,19,22,7,8
10,7,2,3,5,5,3,4,0,1,6,9,3,16,3,2,2,5,49,6,4,9
11,12,2,13,6,1,8,6,0,0,31,9,2,0,0,3,1,12,19,14,6,6
0,9,1,5,12,2,7,7,1,0,5,5,3,13,0,0,4,1,33,0,3,7
14,2,2,2,12,1,8,7,0,0,2,10,4,8,1,7,15,15,26,12,6,7
9,1,4,8,9,6,5,7,0,1,7,4,2,19,1,0,21,5,12,10,1,6
6,11,2,17,4,4,0,0,0,0,30,10,2,13,2,6,9,4,46,3,7,8
13,1,5,11,4,5,0,1,0,0,9,7,1,19,3,6,17,1,3,12,7,5
0,10,1,8,12,2,1,5,0,1,15,6,1,9,3,3,12,14,11,12,1,3
9,10,0,10,10,5,8,3,1,0,14,4,4,0,0,6,3,6,14,11,2,2
12,2,4,5,0,2,8,3,1,1,14,10,3,6,0,2,1,8,35,15,3,3
3,8,0,2,2,0,8,6,0,0,12,7,4,4,1,5,19,7,14,17,7,1
10,2,5,4,8,6,8,6,0,0,12,3,1,18,3,7,9,11,41,22,7,12
16,9,5,11,1,6,8,1,0,1,20,7,4,7,3,7,14,1,37,10,2,8
17,0,4,17,1,4,2,5,0,1,23,9,4,14,1,5,8,12,0,16,6,6
1,3,3,16,17,1,6,3,0,0,8,3,4,5,3,3,10,15,15,2,1,6
17,5,2,7,2,4,2,0,0,0,15,7,4,14,0,7,18,15,46,20,3,6
16,10,3,11,12,5,1,5,1,0,10,8,0,14,0,1,14,12,39,14,3,6
10,8,2,14,14,6,5,1,0,1,32,11,4,16,1,6,8,6,19,20,1,7
11,3,1,10,6,5,7,1,0,0,29,2,1,16,3,0,16,14,3,20,6,9
15,6,0,17,3,5,4,3,0,1,13,5,2,3,1,5,16,4,45,0,2,12
17,1,2,11,4,3,8,2,1,1,39,5,1,18,3,5,9,11,47,5,7,3
2,10,2,4,8,0,7,6,0,1,19,4,4,18,2,7,4,1,41,19,2,11
6,7,5,17,11,6,2,3,0,1,19,8,0,4,1,0,3,0,45,23,3,2
1,1,2,3,14,5,3,2,0,0,3,6,4,7,3,5,1,14,5,23,4,5
11,13,5,7,5,5,3,1,0,1,18,7,0,2,3,7,7,10,2,7,5,3
9,12,4,16,15,5,3,5,0,0,30,4,0,18,0,2,20,3,23,14,4,11
12,7,2,13,16,0,5,1,1,0,34,11,0,2,2,0,14,13,19,12,1,3
0,2,2,3,18,2,7,6,0,0,37,11,1,12,1,2,1,12,47,15,7,7
2,12,4,0,17,6,6,5,0,0,25,5,0,15,0,7,11,4,1,5,1,3
4,7,0,9,7,6,3,1,0,0,32,9,4,14,0,1,3,8,20,18,2,8
8,12,5,6,17,5,8,4,1,1,14,2,0,17,2,4,4,10,33,4,3,4
4,12,1,14,8,4,3,7,0,0,3,2,3,8,2,3,19,10,12,0,7,5
2,6,3,9,2,0,3,2,1,1,14,10,0,0,1,2,18,12,43,10,3,1
5,2,5,6,4,0,6,7,1,1,29,7,3,14,3,1,17,9,30,18,2,7
10,9,5,6,13,0,3,7,0,1,0,9,3,17,1,5,12,12,44,11,7,1
2,3,2,6,11,6,3,2,1,1,25,2,4,14,3,4,8,4,19,4,2,8
5,1,0,7,13,2,6,4,0,0,17,8,2,15,3,0,5,14,36,15,3,10
2,6,4,6,3,0,6,4,0,1,36,5,3,2,3,1,2,8,24,23,6,5
16,5,3,4,18,2,1,3,1,0,35,5,1,14,1,3,15,13,21,2,6,11
12,10,1,13,9,4,1,4,1,1,17,7,0,0,2,6,6,9,19,22,3,1
4,9,2,17,1,1,0,7,0,0,21,11,4,2,2,7,14,9,47,22,4,2
15,4,3,6,1,6,1,1,1,0,10,10,3,6,3,3,7,14,28,3,6,12
5,1,1,6,4,3,3,1,0,1,21,8,1,17,0,0,5,3,9,1,4,4
10,1,1,2,16,5,7,4,1,0,24,11,3,11,2,6,8,4,15,15,1,6
4,7,3,9,10,3,0,4,1,0,19,10,0,14,0,2,11,9,10,6,5,9
3,4,2,2,5,5,3,3,1,0,37,4,1,10,1,4,4,11,39,13,6,12
17,3,2,4,10,4,1,6,1,1,35,3,2,6,1,7,6,0,15,11,6,10
2,8,5,5,11,6,4,7,1,1,22,1,3,4,0,2,11,8,4,11,6,2
5,8,2,11,8,2,0,7,1,0,7,6,1,18,3,2,0,2,31,18,3,11
15,1,1,12,15,6,7,0,0,0,28,10,3,4,3,2,3,12,30,3,2,1
11,6,3,17,0,5,1,3,1,1,13,6,4,4,2,0,12,11,29,21,6,10
5,4,2,15,5,3,2,6,1,1,28,2,0,2,1,0,13,11,30,12,3,12
13,13,3,16,14,4,8,3,1,0,4,2,3,19,0,0,3,3,45,6,5,12
1,3,3,16,15,1,4,4,0,1,12,8,4,1,0,0,21,0,8,15,5,7
15,9,2,1,5,4,5,2,1,0,25,3,2,6,1,3,14,13,42,0,1,5
8,12,4,1,9,6,8,3,0,1,35,7,3,14,2,5,18,2,40,10,4,5
14,8,3,3,18,3,8,3,0,1,1,5,3,15,2,5,1,3,3,7,4,11
5,5,1,9,18,2,3,3,1,0,25,5,3,16,3,7,4,14,39,6,6,5
11,8,0,16,3,5,2,0,0,0,9,4,3,17,2,6,15,7,48,8,5,4
0,12,0,4,6,1,4,3,1,0,37,9,1,10,3,4,16,11,48,11,3,2
7,11,2,8,9,2,4,4,0,1,3,10,4,4,3,6,4,10,48,12,2,5
8,5,2,10,18,2,4,4,0,0,1,9,2,8,3,6,17,13,44,18,4,4
18,4,3,15,2,6,7,1,1,0,3,2,2,18,2,1,20,2,27,13,5,3
7,2,3,13,3,2,0,4,1,1,32,10,2,8,2,7,10,12,19,11,2,1
1,10,3,0,10,1,1,0,0,0,32,7,3,2,3,0,16,11,10,19,2,6
18,8,3,10,2,0,0,1,0,0,18,6,0,15,3,6,6,1,46,21,5,8
0,9,3,2,5,3,5,1,1,0,20,2,2,3,0,2,12,6,15,0,4,7
15,7,3,1,11,2,8,2,0,0,18,11,0,1,1,1,2,10,1,5,6,5
16,6,4,4,18,4,4,3,0,1,26,4,1,16,1,2,7,6,20,17,2,7
12,12,1,8,16,3,5,0,0,1,23,2,0,15,3,4,3,3,31,5,1,1
9,6,0,17,0,4,3,7,0,0,20,3,2,13,2,0,7,0,46,19,6,12
18,0,4,1,12,2,2,6,0,0,16,6,1,16,3,6,5,15,43,16,6,4
7,13,5,14,9,4,2,6,0,0,10,11,4,6,2,7,5,15,27,18,7,5
16,8,2,17,0,1,0,5,0,0,8,1,1,19,1,0,11,14,37,20,6,12
8,12,5,9,12,0,3,0,1,0,32,11,4,14,0,7,18,6,5,14,3,2
9,4,4,17,2,0,1,2,0,1,16,9,2,11,1,1,19,0,17,11,5,8
14,9,0,2,5,0,6,0,0,0,35,8,2,1,3,4,13,8,19,3,7,3
7,0,3,7,4,1,7,5,1,0,23,4,0,5,1,6,5,8,43,8,2,3
16,12,5,14,7,3,1,1,1,0,28,4,3,13,1,0,10,7,25,20,4,10
11,5,4,1,18,6,1,3,0,0,10,1,0,4,2,1,21,9,11,4,2,9
11,3,5,12,16,1,5,7,1,0,38,2,3,3,0,5,20,5,45,18,5,7
11,13,1,9,4,5,2,0,1,0,14,10,2,8,2,4,4,6,5,15,2,5
10,5,4,12,1,6,1,2,0,1,26,2,2,14,1,6,0,8,12,8,6,7
17,5,4,12,6,2,0,2,1,1,11,6,2,1,3,6,14,12,49,0,5,5
8,12,4,0,16,2,5,4,1,0,15,2,1,16,1,4,19,7,14,4,2,12
3,0,4,8,10,3,2,2,0,1,39,6,2,10,0,0,10,13,44,18,1,10
16,11,5,7,6,6,2,4,1,1,17,1,3,6,1,0,10,15,44,14,5,5
8,9,0,5,5,1,4,4,1,0,2,10,3,10,2,3,5,14,19,17,4,2
7,2,2,13,3,4,0,7,0,0,3,11,1,4,2,6,2,8,14,16,2,3
0,0,0,3,10,3,7,2,0,0,6,10,1,1,0,6,18,9,22,14,4,12
7,9,5,16,18,0,8,6,1,1,17,6,4,5,2,4,1,3,45,10,7,4
10,6,1,12,4,3,3,3,0,1,13,1,2,1,3,7,8,2,22,18,6,11
12,3,5,5,13,0,2,4,0,1,36,2,0,14,1,0,17,11,19,10,4,3
17,13,0,4,14,5,3,3,0,1,8,5,4,13,2,4,13,3,33,7,3,10
17,8,5,17,9,2,5,3,1,0,4,9,4,9,1,1,17,13,40,17,6,8
9,5,1,12,11,3,5,1,1,0,26,9,2,5,1,3,12,0,30,22,7,11
5,2,4,12,9,6,1,5,0,0,28,2,2,13,2,4,16,0,8,5,4,8
7,13,4,3,7,3,7,5,1,0,3,10,0,2,3,3,2,2,11,4,6,5
10,7,2,2,6,3,1,5,0,1,31,1,0,13,3,2,15,15,7,16,5,2
11,10,5,0,17,2,7,4,0,0,12,2,4,19,0,4,21,5,18,21,6,7
18,4,2,5,12,3,2,6,0,1,11,7,2,4,0,1,13,1,46,0,7,5
17,5,3,11,10,6,3,5,0,1,11,4,2,7,1,4,5,3,21,1,6,7
17,12,5,13,0,5,7,1,0,1,29,3,1,12,1,0,17,1,40,21,4,2
11,2,5,16,8,6,1,3,1,0,27,10,1,6,1,4,8,9,7,17,1,10
16,6,5,16,17,1,4,6,1,1,38,3,2,15,0,5,4,3,31,0,6,5
6,11,2,7,14,5,8,6,1,0,1,11,4,2,2,6,10,2,15,13,1,9
14,9,5,6,17,5,6,4,0,0,36,11,0,5,1,6,7,14,39,4,5,9
9,8,3,17,13,5,0,2,1,1,18,2,2,19,3,2,17,15,13,13,4,10
8,11,0,16,15,4,2,7,1,1,10,8,0,5,1,0,14,10,2,22,4,9
14,12,2,14,15,4,2,4,1,0,36,8,0,3,1,0,14,13,9,0,1,3
17,8,4,0,14,5,2,1,0,1,10,10,1,5,1,0,4,5,11,9,5,6
17,4,1,17,5,5,6,2,1,1,16,7,1,16,0,7,11,7,16,17,6,4
11,13,1,11,8,6,4,5,1,0,9,7,0,0,3,1,14,3,13,12,4,4
17,10,1,15,6,3,2,2,1,0,1,10,0,3,2,4,19,14,15,18,7,8
16,9,0,1,5,2,5,5,1,0,33,9,4,18,2,2,14,13,35,13,4,7
15,9,1,9,15,6,5,7,1,0,32,5,4,13,1,5,9,3,46,3,4,8
4,11,2,8,6,4,7,0,1,1,23,10,1,9,1,7,13,8,28,11,5,10
16,2,5,2,11,0,0,7,0,0,11,11,3,1,3,3,13,8,7,14,1,10
4,7,3,8,0,4,8,1,1,1,20,8,0,12,3,5,16,6,25,21,5,12
1,10,2,10,5,6,1,6,1,1,39,7,4,5,2,6,14,10,41,3,1,6
4,0,0,16,18,6,3,7,1,1,32,4,3,13,3,6,18,15,40,21,4,10